﻿<?xml version="1.0" encoding="utf-8"?>
<root>
  <records>  
    <record_info>
      <record_info_node>
        <description>没有历史记录</description>
        <value>00</value>
      </record_info_node>
      <record_info_node>
        <description>第一条历史记录</description>
        <value>01</value>
      </record_info_node>
      <record_info_node>
        <description>第二条至N-1条历史记录</description>
        <value>02</value>
      </record_info_node>
      <record_info_node>
        <description>最后一条历史记录</description>
        <value>03</value>
      </record_info_node>
    </record_info>
    <record_type>
      <record_type_node>
        <description>开机</description>
        <value>00</value>
      </record_type_node>
      <record_type_node>
        <description>关机</description>
        <value>01</value>
      </record_type_node>
      <record_type_node>
        <description>升级</description>
        <value>02</value>
      </record_type_node>
      <record_type_node>
        <description>CAN接收器复位</description>
        <value>05</value>
      </record_type_node>
      <record_type_node>
        <description>容量学习成功</description>
        <value>06</value>
      </record_type_node>
      <record_type_node>
        <description>MTP故障</description>
        <value>07</value>
      </record_type_node>
      
      
      <record_type_node>
        <description>清空记录</description>
        <value>08</value>
      </record_type_node>
      <record_type_node>
        <description>写Eeprom参数</description>
        <value>09</value>
      </record_type_node>
      <record_type_node>
        <description>写MCU参数</description>
        <value>0A</value>
      </record_type_node>
      <record_type_node>
        <description>关机指令</description>
        <value>0B</value>
      </record_type_node>
      <record_type_node>
        <description>软件复位指令</description>
        <value>0C</value>
      </record_type_node>
      <record_type_node>
        <description>恢复出厂设置</description>
        <value>0D</value>
      </record_type_node>
      <record_type_node>
        <description>以开路电压重新标定SOC</description>
        <value>0E</value>
      </record_type_node>
        <record_type_node>
        <description>欠压关机</description>
        <value>0F</value>
      </record_type_node>
      <record_type_node>
        <description>看门狗复位</description>
        <value>10</value>
      </record_type_node>
      <record_type_node>
        <description>低电压复位</description>
        <value>11</value>
      </record_type_node>
      <record_type_node>
        <description>外部复位</description>
        <value>12</value>
      </record_type_node>
      <record_type_node>
        <description>软件复位</description>
        <value>13</value>
      </record_type_node>
      <record_type_node>
        <description>POF0复位</description>
        <value>14</value>
      </record_type_node>
      <record_type_node>
        <description>非法地址复位</description>
        <value>15</value>
      </record_type_node>
      
      <record_type_node>
        <description>充电事件</description>
        <value>17</value>
      </record_type_node>
      <record_type_node>
        <description>电压校准指令</description>
        <value>18</value>
      </record_type_node>
      <record_type_node>
        <description>零点电流校准指令</description>
        <value>19</value>
      </record_type_node>
      <record_type_node>
        <description>电流校准指令</description>
        <value>1A</value>
      </record_type_node>
      <record_type_node>
        <description>温度校准指令</description>
        <value>1B</value>
      </record_type_node>
      <record_type_node>
        <description>RTC校准指令</description>
        <value>1C</value>
      </record_type_node>
      <record_type_node>
        <description>UTC校准指令</description>
        <value>1D</value>
      </record_type_node>
      
      <record_type_node>
        <description>SOC为100</description>
        <value>40</value>
      </record_type_node>
      <record_type_node>
        <description>SOC为0</description>
        <value>41</value>
      </record_type_node>
      <record_type_node>
        <description>放电MOS损坏</description>
        <value>42</value>
      </record_type_node>      
      <record_type_node>
        <description>充电MOS损坏</description>
        <value>43</value>
      </record_type_node>    
      <record_type_node>
        <description>进水</description>
        <value>44</value>
      </record_type_node>    
      <record_type_node>
        <description>进水唤醒</description>
        <value>45</value>
      </record_type_node>  
      <record_type_node>
        <description>参数配置失败</description>
        <value>4D</value>
      </record_type_node>     
      <record_type_node>
        <description>低容量</description>
        <value>4E</value>
      </record_type_node>  
      <record_type_node>
        <description>DET断开</description>
        <value>4F</value>
      </record_type_node>
      
      <record_type_node>
        <description>过压</description>
        <value>50</value>
      </record_type_node>
      <record_type_node>
        <description>过压恢复</description>
        <value>51</value>
      </record_type_node>
      <record_type_node>
        <description>欠压</description>
        <value>52</value>
      </record_type_node>
      <record_type_node>
        <description>欠压恢复</description>
        <value>53</value>
      </record_type_node>
      <record_type_node>
        <description>断线</description>
        <value>54</value>
      </record_type_node>
      <record_type_node>
        <description>断线恢复</description>
        <value>55</value>
      </record_type_node>
      <record_type_node>
        <description>压差大</description>
        <value>56</value>
      </record_type_node>
      <record_type_node>
        <description>压差大恢复</description>
        <value>57</value>
      </record_type_node>
      <record_type_node>
        <description>总压过压</description>
        <value>58</value>
      </record_type_node>
      <record_type_node>
        <description>总压过压恢复</description>
        <value>59</value>
      </record_type_node>
      <record_type_node>
        <description>总压欠压</description>
        <value>5A</value>
      </record_type_node>
      <record_type_node>
        <description>总压欠压恢复</description>
        <value>5B</value>
      </record_type_node>
      <record_type_node>
        <description>B0负极断线</description>
        <value>5C</value>
      </record_type_node>
      
      <record_type_node>
        <description>充电过流</description>
        <value>60</value>
      </record_type_node>
      <record_type_node>
        <description>充电过流恢复</description>
        <value>61</value>
      </record_type_node>
      <record_type_node>
        <description>放电过流1</description>
        <value>62</value>
      </record_type_node>
      <record_type_node>
        <description>放电过流1恢复</description>
        <value>63</value>
      </record_type_node>
      <record_type_node>
        <description>放电过流2</description>
        <value>64</value>
      </record_type_node>
      <record_type_node>
        <description>放电过流2恢复</description>
        <value>65</value>
      </record_type_node>
      <record_type_node>
        <description>短路</description>
        <value>66</value>
      </record_type_node>
      <record_type_node>
        <description>短路恢复</description>
        <value>67</value>
      </record_type_node>
      
      
      <record_type_node>
        <description>充电过温</description>
        <value>70</value>
      </record_type_node>
      <record_type_node>
        <description>充电过温恢复</description>
        <value>71</value>
      </record_type_node>
      <record_type_node>
        <description>放电过温</description>
        <value>72</value>
      </record_type_node>
      <record_type_node>
        <description>放电过温恢复</description>
        <value>73</value>
      </record_type_node>
      <record_type_node>
        <description>充电低温</description>
        <value>74</value>
      </record_type_node>
      <record_type_node>
        <description>充电低温恢复</description>
        <value>75</value>
      </record_type_node>
      <record_type_node>
        <description>放电低温</description>
        <value>76</value>
      </record_type_node>
      <record_type_node>
        <description>放电低温恢复</description>
        <value>77</value>
      </record_type_node>
      <record_type_node>
        <description>温差大</description>
        <value>78</value>
      </record_type_node>
      <record_type_node>
        <description>温差大恢复</description>
        <value>79</value>
      </record_type_node>
      <record_type_node>
        <description>MOS过温</description>
        <value>7A</value>
      </record_type_node>
      <record_type_node>
        <description>MOS过温恢复</description>
        <value>7B</value>
      </record_type_node>
    </record_type>
    <pack_info>
      <pack_info_node>
        <pack_info_bit>
          <bit>13</bit>
          <value>1</value>
          <description>加密</description>
        </pack_info_bit>
        <pack_info_bit>
          <bit>13</bit>
          <value>0</value>
          <description>不加密</description>
        </pack_info_bit>
      </pack_info_node>
      <pack_info_node>
        <pack_info_bit>
          <bit>12</bit>
          <value>1</value>
          <description>已校准 </description>
        </pack_info_bit>
        <pack_info_bit>
          <bit>12</bit>
          <value>0</value>
          <description>未校准</description>
        </pack_info_bit>
      </pack_info_node>
      <pack_info_node>
        <pack_info_bit>
          <bit>11</bit>
          <value>1</value>
          <description>外部LDO发生过过流  </description>
        </pack_info_bit>
        <pack_info_bit>
          <bit>11</bit>
          <value>0</value>
          <description>外部LDO未发生过过流</description>
        </pack_info_bit>
      </pack_info_node>
      <pack_info_node>
        <pack_info_bit>
          <bit>10</bit>
          <value>1</value>
          <description>满充容量更新有效  </description>
        </pack_info_bit>
        <pack_info_bit>
          <bit>10</bit>
          <value>0</value>
          <description>满充容量更新无效</description>
        </pack_info_bit>
      </pack_info_node>
      <pack_info_node>
        <pack_info_bit>
          <bit>9</bit>
          <value>1</value>
          <description>放电截止 </description>
        </pack_info_bit>
        <pack_info_bit>
          <bit>9</bit>
          <value>0</value>
          <description>未放电截止</description>
        </pack_info_bit>
      </pack_info_node>
      <pack_info_node>
        <pack_info_bit>
          <bit>8</bit>
          <value>1</value>
          <description>充电截止 </description>
        </pack_info_bit>
        <pack_info_bit>
          <bit>8</bit>
          <value>0</value>
          <description>未充电截止</description>
        </pack_info_bit>
      </pack_info_node>
      <pack_info_node>
        <pack_info_bit>
          <bit>7</bit>
          <value>1</value>
          <description>充电状态  </description>
        </pack_info_bit>
        <pack_info_bit>
          <bit>7</bit>
          <value>0</value>
          <description>非充电状态</description>
        </pack_info_bit>
      </pack_info_node>
      <pack_info_node>
        <pack_info_bit>
          <bit>6</bit>
          <value>1</value>
          <description>放电状态  </description>
        </pack_info_bit>
        <pack_info_bit>
          <bit>6</bit>
          <value>0</value>
          <description>非放电状态</description>
        </pack_info_bit>
      </pack_info_node>
      <pack_info_node>
        <pack_info_bit>
          <bit>4</bit>
          <value>1</value>
          <description>充电限流板开 </description>
        </pack_info_bit>
        <pack_info_bit>
          <bit>4</bit>
          <value>0</value>
          <description>充电限流板关</description>
        </pack_info_bit>
      </pack_info_node>
      <pack_info_node>
        <pack_info_bit>
          <bit>3</bit>
          <value>1</value>
          <description>发生低电压禁止充电  </description>
        </pack_info_bit>
        <pack_info_bit>
          <bit>3</bit>
          <value>0</value>
          <description>未发生低电压禁止充电</description>
        </pack_info_bit>
      </pack_info_node>
      <pack_info_node>
        <pack_info_bit>
          <bit>2</bit>
          <value>1</value>
          <description>预充电MOSFET开启</description>
        </pack_info_bit>
        <pack_info_bit>
          <bit>2</bit>
          <value>0</value>
          <description>预充电MOSFET关闭</description>
        </pack_info_bit>
      </pack_info_node>
      <pack_info_node>
        <pack_info_bit>
          <bit>1</bit>
          <value>1</value>
          <description>充电MOSFET开启 </description>
        </pack_info_bit>
        <pack_info_bit>
          <bit>1</bit>
          <value>0</value>
          <description>充电MOSFET关闭</description>
        </pack_info_bit>
      </pack_info_node>
      <pack_info_node>
        <pack_info_bit>
          <bit>0</bit>
          <value>1</value>
          <description>放电MOSFET开启 </description>
        </pack_info_bit>
        <pack_info_bit>
          <bit>0</bit>
          <value>0</value>
          <description>放电MOSFET关闭</description>
        </pack_info_bit>
      </pack_info_node>
    </pack_info>
    
    <battery_info>
      <battery_info_node>
        <battery_info_bit>
          <bit>11</bit>
          <value>1</value>
          <description>发生放电高温保护</description>
        </battery_info_bit>
        <battery_info_bit>
          <bit>11</bit>
          <value>0</value>
          <description>未发生放电高温保护</description>
        </battery_info_bit>
      </battery_info_node>
      <battery_info_node>
        <battery_info_bit>
          <bit>10</bit>
          <value>1</value>
          <description>发生放电低温保护</description>
        </battery_info_bit>
        <battery_info_bit>
          <bit>10</bit>
          <value>0</value>
          <description>未发生放电低温保护</description>
        </battery_info_bit>
      </battery_info_node>
      <battery_info_node>
        <battery_info_bit>
          <bit>9</bit>
          <value>1</value>
          <description>发生充电高温保护</description>
        </battery_info_bit>
        <battery_info_bit>
          <bit>9</bit>
          <value>0</value>
          <description>未发生充电高温保护</description>
        </battery_info_bit>
      </battery_info_node>
      <battery_info_node>
        <battery_info_bit>
          <bit>8</bit>
          <value>1</value>
          <description>发生充电低温保护</description>
        </battery_info_bit>
        <battery_info_bit>
          <bit>8</bit>
          <value>0</value>
          <description>未发生充电低温保护</description>
        </battery_info_bit>
      </battery_info_node>
      <battery_info_node>
        <battery_info_bit>
          <bit>6</bit>
          <value>1</value>
          <description>发生二级保护</description>
        </battery_info_bit>
        <battery_info_bit>
          <bit>6</bit>
          <value>0</value>
          <description>未发生二级保护</description>
        </battery_info_bit>
      </battery_info_node>
      <battery_info_node>
        <battery_info_bit>
          <bit>5</bit>
          <value>1</value>
          <description>发生短路保护</description>
        </battery_info_bit>
        <battery_info_bit>
          <bit>5</bit>
          <value>0</value>
          <description>未发生短路保护</description>
        </battery_info_bit>
      </battery_info_node>
      <battery_info_node>
        <battery_info_bit>
          <bit>4</bit>
          <value>1</value>
          <description>发生充电过流保护</description>
        </battery_info_bit>
        <battery_info_bit>
          <bit>4</bit>
          <value>0</value>
          <description>未发生充电过流保护</description>
        </battery_info_bit>
      </battery_info_node>
      <battery_info_node>
        <battery_info_bit>
          <bit>3</bit>
          <value>1</value>
          <description>发生放电过流2保护</description>
        </battery_info_bit>
        <battery_info_bit>
          <bit>3</bit>
          <value>0</value>
          <description>未发生放电过流2保护</description>
        </battery_info_bit>
      </battery_info_node>
      <battery_info_node>
        <battery_info_bit>
          <bit>2</bit>
          <value>1</value>
          <description>发生放电过流1保护</description>
        </battery_info_bit>
        <battery_info_bit>
          <bit>2</bit>
          <value>0</value>
          <description>未发生放电过流1保护</description>
        </battery_info_bit>
      </battery_info_node>
      <battery_info_node>
        <battery_info_bit>
          <bit>1</bit>
          <value>1</value>
          <description>发生欠压保护</description>
        </battery_info_bit>
        <battery_info_bit>
          <bit>1</bit>
          <value>0</value>
          <description>未发生欠压保护</description>
        </battery_info_bit>
      </battery_info_node>
      <battery_info_node>
        <battery_info_bit>
          <bit>0</bit>
          <value>1</value>
          <description>发生过压保护</description>
        </battery_info_bit>
        <battery_info_bit>
          <bit>0</bit>
          <value>0</value>
          <description>未发生过压保护</description>
        </battery_info_bit>
      </battery_info_node>
    </battery_info>
  </records>

  <didiRecords>
    <record_type>
      <record_type_node>
        <description>系统复位</description>
        <value>20000000</value>
      </record_type_node>
      <record_type_node>
        <description>系统关机</description>
        <value>10000000</value>
      </record_type_node>
      <record_type_node>
        <description>系统开机</description>
        <value>08000000</value>
      </record_type_node>


      <record_type_node>
        <description>非法充电</description>
        <value>04000000</value>
      </record_type_node>
      <record_type_node>
        <description>总压过低保护</description>
        <value>02000000</value>
      </record_type_node>
      <record_type_node>
        <description>总压过高保护</description>
        <value>01000000</value>
      </record_type_node>
      <record_type_node>
        <description>MOS过温</description>
        <value>00800000</value>
      </record_type_node>
      <record_type_node>
        <description>温差过大故障</description>
        <value>00400000</value>
      </record_type_node>
      <record_type_node>
        <description>充电压差过大故障</description>
        <value>00200000</value>
      </record_type_node>
      <record_type_node>
        <description>电芯掉电</description>
        <value>00100000</value>
      </record_type_node>
      <record_type_node>
        <description>放电保护</description>
        <value>00080000</value>
      </record_type_node>
      <record_type_node>
        <description>充电保护</description>
        <value>00040000</value>
      </record_type_node>
      <record_type_node>
        <description>压差过大故障</description>
        <value>00020000</value>
      </record_type_node>
      <record_type_node>
        <description>压差过大告警</description>
        <value>00010000</value>
      </record_type_node>

      <record_type_node>
        <description>电芯故障</description>
        <value>00008000</value>
      </record_type_node>
      <record_type_node>
        <description>放电MOS故障</description>
        <value>00004000</value>
      </record_type_node>
      <record_type_node>
        <description>充电MOS故障</description>
        <value>00002000</value>
      </record_type_node>
      <record_type_node>
        <description>电芯严重过压保护</description>
        <value>00001000</value>
      </record_type_node>
      <record_type_node>
        <description>电芯过压二级保护</description>
        <value>00000800</value>
      </record_type_node>
      <record_type_node>
        <description>电芯过压一级保护</description>
        <value>00000400</value>
      </record_type_node>

      <record_type_node>
        <description>充电低温</description>
        <value>00000200</value>
      </record_type_node>
      <record_type_node>
        <description>充电过温</description>
        <value>00000100</value>
      </record_type_node>


      <record_type_node>
        <description>充电过流</description>
        <value>00000080</value>
      </record_type_node>
      <record_type_node>
        <description>二级欠压保护</description>
        <value>00000040</value>
      </record_type_node>
      <record_type_node>
        <description>欠压保护</description>
        <value>00000020</value>
      </record_type_node>
      <record_type_node>
        <description>短路保护</description>
        <value>00000010</value>
      </record_type_node>
      <record_type_node>
        <description>放电低温</description>
        <value>00000008</value>
      </record_type_node>
      <record_type_node>
        <description>放电过温</description>
        <value>00000004</value>
      </record_type_node>
      <record_type_node>
        <description>放电二级过流</description>
        <value>00000002</value>
      </record_type_node>
      <record_type_node>
        <description>放电一级过流</description>
        <value>00000001</value>
      </record_type_node>
    </record_type>
  </didiRecords>
</root>